Customer ID,ReturnedWithin180Days,Churn
13085,1,0
13078,1,0
15362,0,1
18102,1,0
12682,1,0
18087,1,0
13635,1,0
14110,1,0
12636,0,1
17519,1,0
13758,1,0
12362,1,0
15413,0,1
16321,1,0
16167,0,1
17865,1,0
17592,0,1
13767,1,0
17238,1,0
15712,1,0
15311,1,0
16329,0,1
17700,1,0
14911,1,0
15998,1,0
12931,1,0
12533,0,1
17984,1,0
14871,1,0
13394,1,0
16011,1,0
16393,1,0
14040,1,0
12913,1,0
15061,1,0
14341,1,0
17804,0,1
14156,1,0
13599,1,0
17063,1,0
15719,1,0
12490,1,0
15793,1,0
17056,0,1
13526,0,1
14654,0,1
17998,0,1
17742,1,0
15326,0,1
14478,0,1
15967,1,0
17611,1,0
15051,1,0
13097,1,0
13590,1,0
15984,1,0
16887,1,0
12921,1,0
14543,1,0
15945,0,1
18037,1,0
15662,0,1
15380,1,0
13110,1,0
12836,1,0
15005,1,0
16620,1,0
12758,1,0
17961,1,0
15601,1,0
13585,0,1
13442,0,1
13381,1,0
16763,0,1
17243,1,0
14865,1,0
17345,1,0
13819,0,1
15808,0,1
17191,1,0
13748,1,0
15265,1,0
15750,1,0
17428,1,0
15485,1,0
17246,0,1
14061,0,1
14108,1,0
13648,0,1
16563,1,0
16701,1,0
12842,1,0
14302,0,1
14135,1,0
14831,0,1
15602,1,0
13777,1,0
14000,0,1
16823,0,1
16163,0,1
17193,1,0
15759,0,1
16131,1,0
14560,1,0
17087,0,1
14894,1,0
16202,0,1
16700,1,0
17511,1,0
14299,1,0
17949,1,0
14799,1,0
16550,1,0
12980,1,0
14425,0,1
15353,0,1
17818,0,1
13654,1,0
17189,1,0
13269,1,0
14653,1,0
17019,1,0
15542,0,1
13564,1,0
16467,0,1
15833,0,1
14527,1,0
17476,0,1
15287,1,0
14440,1,0
15680,1,0
15581,1,0
13740,0,1
17768,1,0
12948,1,0
14667,1,0
17377,1,0
14467,1,0
13457,0,1
18108,0,1
16210,1,0
14669,0,1
17909,0,1
16086,1,0
16711,1,0
14739,1,0
16233,1,0
14204,1,0
17606,0,1
16797,0,1
16126,1,0
17867,1,0
17412,1,0
16525,1,0
13623,1,0
12435,1,0
14549,0,1
14106,0,1
14980,0,1
14396,1,0
14122,0,1
16987,1,0
17809,1,0
15917,0,1
14987,1,0
14080,1,0
16200,1,0
15794,0,1
15523,1,0
15615,1,0
18001,1,0
17841,1,0
13089,1,0
15989,0,1
17660,1,0
13313,1,0
12437,1,0
14841,1,0
14646,1,0
15482,1,0
16156,1,0
17716,1,0
12779,1,0
13611,1,0
15255,1,0
14771,0,1
14838,0,1
13979,1,0
13800,0,1
14483,0,1
14915,1,0
13753,0,1
16301,0,1
13931,1,0
17035,0,1
15194,1,0
14347,0,1
12934,0,1
15291,1,0
17209,0,1
15658,0,1
17314,1,0
17155,1,0
15965,1,0
17322,0,1
16159,0,1
14051,1,0
13993,1,0
17411,1,0
15768,1,0
12835,0,1
15179,1,0
17069,1,0
16918,1,0
15466,1,0
14159,1,0
17940,1,0
17581,1,0
16168,1,0
14606,1,0
17287,1,0
17913,1,0
13416,1,0
16779,1,0
13895,1,0
14057,1,0
17017,1,0
13208,1,0
17465,0,1
13468,1,0
13485,0,1
17271,0,1
16139,1,0
15953,1,0
15856,1,0
14967,1,0
16497,1,0
17764,1,0
14905,1,0
18229,1,0
17293,1,0
17853,0,1
15550,1,0
13531,0,1
13786,0,1
14952,1,0
14031,1,0
12937,1,0
16612,1,0
12949,1,0
14958,1,0
17329,1,0
16736,0,1
13001,1,0
14644,1,0
14898,1,0
14662,1,0
17414,1,0
14755,1,0
17576,1,0
13037,1,0
14710,1,0
18168,1,0
17679,1,0
17851,0,1
14750,0,1
16791,1,0
16558,1,0
15884,0,1
17343,0,1
17372,1,0
16003,1,0
17432,1,0
14713,1,0
16722,1,0
12577,1,0
12872,0,1
15755,1,0
14258,1,0
14286,1,0
13154,0,1
14564,0,1
13408,1,0
16645,0,1
12714,1,0
16335,0,1
13093,0,1
12759,1,0
13666,1,0
17160,1,0
13946,1,0
14723,1,0
14961,1,0
14735,1,0
18061,1,0
15078,1,0
17389,1,0
16883,0,1
13175,0,1
17076,1,0
13948,0,1
18223,1,0
16192,0,1
15999,0,1
15109,0,1
14680,1,0
18092,1,0
16891,1,0
13481,1,0
13807,0,1
14979,0,1
16656,1,0
16746,1,0
17157,1,0
15309,0,1
16325,1,0
16541,0,1
16723,1,0
16699,0,1
16710,1,0
12510,1,0
13162,1,0
15382,1,0
13680,1,0
12970,1,0
17935,1,0
17593,1,0
17151,0,1
16451,1,0
17127,0,1
13694,1,0
14087,1,0
13733,0,1
18181,1,0
13174,1,0
13329,1,0
17421,0,1
16351,0,1
15684,0,1
17884,1,0
15514,1,0
13679,0,1
18225,1,0
12748,1,0
13199,1,0
13487,1,0
17018,1,0
18071,0,1
16593,1,0
14238,0,1
15223,0,1
13021,1,0
17115,1,0
17850,0,1
14239,1,0
13999,1,0
13958,0,1
13641,0,1
15420,0,1
12359,1,0
12820,1,0
16410,0,1
15240,1,0
16158,0,1
15484,1,0
14709,1,0
15057,0,1
14867,0,1
17642,1,0
13813,1,0
13589,1,0
12417,1,0
17920,1,0
12975,0,1
16104,1,0
17150,0,1
16277,0,1
17244,1,0
15260,1,0
12583,1,0
15555,1,0
13736,1,0
14133,1,0
15571,1,0
13448,1,0
17085,1,0
15059,1,0
14468,0,1
16395,1,0
16485,1,0
15878,0,1
15860,1,0
13373,1,0
14608,1,0
14896,0,1
16964,0,1
15983,1,0
13782,1,0
14454,0,1
14717,0,1
16718,0,1
15751,0,1
14546,1,0
17848,1,0
17561,1,0
15547,1,0
17406,0,1
14479,0,1
17969,1,0
14548,1,0
17916,0,1
13319,1,0
16773,1,0
15479,0,1
15822,1,0
13890,1,0
13211,1,0
15641,1,0
14123,0,1
13019,0,1
17858,1,0
14940,0,1
16686,1,0
15691,0,1
16436,0,1
17610,0,1
17530,1,0
13491,1,0
14003,0,1
12839,1,0
17557,1,0
14738,1,0
16124,0,1
12471,1,0
17739,1,0
16556,1,0
14695,0,1
14828,0,1
15115,1,0
13693,0,1
14955,0,1
14037,1,0
18077,1,0
13905,0,1
17508,0,1
16768,1,0
13984,1,0
13495,1,0
13190,0,1
14408,1,0
15358,1,0
17707,0,1
17044,1,0
14471,0,1
17436,1,0
13234,0,1
14574,0,1
15716,1,0
16684,1,0
14540,1,0
14307,1,0
18219,1,0
12747,1,0
18162,0,1
17441,0,1
17988,1,0
12600,1,0
12523,1,0
13206,0,1
14512,0,1
16353,1,0
16018,1,0
14670,0,1
14590,0,1
13070,0,1
17457,1,0
15421,1,0
17990,0,1
13148,1,0
17364,1,0
13042,0,1
12443,0,1
15694,1,0
16717,1,0
17231,1,0
16702,0,1
13267,1,0
12540,1,0
17270,0,1
13393,0,1
14113,1,0
15369,0,1
12358,1,0
18259,1,0
17047,1,0
14136,0,1
16735,1,0
14215,1,0
15971,1,0
14295,1,0
13382,0,1
13025,0,1
16013,1,0
14558,0,1
18002,0,1
17854,0,1
15079,0,1
16029,1,0
18271,0,1
14290,1,0
17268,1,0
17067,0,1
16560,1,0
14861,1,0
17371,1,0
18145,1,0
16400,1,0
15093,1,0
13643,1,0
17852,1,0
15456,0,1
13571,1,0
16732,1,0
16940,1,0
15162,0,1
18203,1,0
14494,1,0
17978,0,1
15031,1,0
14085,1,0
17230,0,1
13410,1,0
14063,0,1
12785,0,1
13081,1,0
14605,0,1
14285,1,0
16892,1,0
16805,1,0
13204,0,1
15924,0,1
15823,0,1
13576,1,0
17178,0,1
13798,1,0
18275,0,1
13855,0,1
15298,1,0
15674,1,0
14679,0,1
16253,1,0
13883,1,0
13557,1,0
16204,1,0
15633,0,1
15203,1,0
13136,1,0
15181,1,0
17188,1,0
13455,1,0
13114,0,1
13768,0,1
14291,1,0
12712,1,0
14732,1,0
13202,0,1
16945,1,0
12487,0,1
13672,0,1
17929,1,0
16771,1,0
16782,1,0
18051,0,1
16912,1,0
12924,1,0
15403,0,1
14173,1,0
14211,1,0
14593,1,0
16802,0,1
15302,0,1
16709,1,0
17954,1,0
13727,1,0
15911,0,1
14990,0,1
16705,1,0
13141,1,0
12709,1,0
14171,1,0
13983,1,0
17296,0,1
17631,1,0
17449,1,0
17184,0,1
14107,1,0
12917,1,0
16755,1,0
13825,0,1
13770,0,1
14505,1,0
15441,0,1
16933,1,0
13426,1,0
17043,1,0
13498,0,1
16186,1,0
18065,1,0
17880,0,1
13848,1,0
15077,0,1
13728,1,0
15209,0,1
15841,1,0
14134,0,1
15465,1,0
17603,1,0
16143,1,0
14942,0,1
14293,1,0
17861,1,0
15039,1,0
16843,1,0
15858,1,0
17388,1,0
15085,0,1
13091,1,0
15642,0,1
14099,1,0
15854,1,0
12978,0,1
17027,1,0
15889,1,0
16748,1,0
16459,0,1
13173,1,0
15805,1,0
15912,1,0
16596,1,0
16663,0,1
12989,1,0
16985,1,0
14648,0,1
15573,1,0
15367,1,0
14895,1,0
14062,1,0
15157,1,0
15623,1,0
13831,1,0
14626,1,0
15032,0,1
16670,1,0
15882,0,1
17032,0,1
12979,0,1
15738,1,0
14043,0,1
17675,1,0
15916,1,0
16901,0,1
12933,1,0
14507,1,0
17696,1,0
18276,1,0
14030,1,0
14081,0,1
17351,1,0
16798,0,1
17512,1,0
13542,0,1
16905,1,0
15494,1,0
14702,1,0
17165,0,1
16293,1,0
15769,1,0
18172,1,0
18268,1,0
14519,0,1
14191,1,0
13077,1,0
14643,1,0
12957,1,0
14577,1,0
17409,0,1
16470,1,0
16191,1,0
17344,1,0
16365,1,0
13418,1,0
12854,1,0
15197,1,0
13953,1,0
14298,1,0
16952,1,0
13415,0,1
13668,1,0
14790,1,0
17487,0,1
17958,1,0
17754,1,0
15898,1,0
14130,0,1
17860,0,1
12664,1,0
16719,1,0
16442,1,0
13317,1,0
15196,0,1
15956,0,1
15169,0,1
14685,0,1
15503,0,1
13026,1,0
15144,1,0
12843,1,0
14161,0,1
17172,1,0
16830,1,0
16127,1,0
17539,0,1
15944,0,1
17211,1,0
14514,1,0
17066,0,1
15850,1,0
17290,1,0
13735,1,0
12681,1,0
17802,1,0
15628,1,0
15446,0,1
14525,1,0
14751,0,1
12683,1,0
13087,0,1
15562,0,1
17819,1,0
16409,1,0
14277,1,0
14466,1,0
16725,0,1
17799,1,0
17910,0,1
16551,1,0
15577,1,0
12346,0,1
12439,0,1
13462,0,1
13872,0,1
13013,1,0
14977,0,1
12472,1,0
16769,0,1
17075,1,0
16190,1,0
14032,1,0
17825,0,1
15329,1,0
17908,0,1
15534,0,1
16327,1,0
15920,1,0
12613,1,0
17318,0,1
17965,1,0
14401,1,0
15188,0,1
16019,1,0
12926,0,1
17623,1,0
15015,0,1
14796,1,0
14042,0,1
15867,1,0
16125,0,1
13591,1,0
16280,0,1
12920,1,0
17866,1,0
13577,1,0
16064,0,1
17416,1,0
15640,1,0
12992,0,1
15672,0,1
13000,1,0
17012,0,1
16098,1,0
16554,1,0
13004,1,0
15838,1,0
17572,1,0
13902,0,1
17213,1,0
17251,0,1
16858,0,1
17082,1,0
14607,1,0
17262,1,0
18220,0,1
17625,1,0
17233,1,0
17095,1,0
16713,1,0
12941,0,1
17596,1,0
15812,1,0
14966,1,0
15070,0,1
18260,1,0
16749,0,1
13405,1,0
17797,1,0
13823,1,0
15566,0,1
13050,1,0
13756,1,0
17816,1,0
16308,1,0
15785,1,0
14897,1,0
15527,1,0
17368,1,0
15637,1,0
15393,1,0
18177,1,0
13473,1,0
16605,0,1
12956,0,1
12971,1,0
13711,0,1
15394,1,0
14460,1,0
14769,1,0
15312,1,0
17646,0,1
13952,0,1
15713,1,0
16366,1,0
18286,0,1
17677,1,0
13047,1,0
14869,1,0
16197,0,1
13074,0,1
13289,0,1
16119,1,0
13769,1,0
15184,1,0
15499,0,1
12586,1,0
18012,0,1
13403,1,0
14625,0,1
17833,0,1
15222,0,1
13178,1,0
14415,1,0
16195,0,1
17776,0,1
16569,1,0
17469,1,0
14055,1,0
17873,1,0
15044,1,0
14329,1,0
17091,1,0
16694,0,1
15055,0,1
18144,1,0
13008,0,1
13941,1,0
14092,1,0
12867,1,0
16742,1,0
15498,1,0
17402,1,0
18201,0,1
13225,1,0
17662,0,1
15863,1,0
18186,0,1
13875,1,0
12557,1,0
13266,1,0
14484,1,0
18097,1,0
13520,1,0
15862,1,0
17612,1,0
14422,1,0
18006,1,0
14095,0,1
16908,0,1
13427,1,0
17103,0,1
13203,1,0
16439,0,1
15270,1,0
16150,1,0
16661,0,1
17400,1,0
17526,1,0
13039,0,1
15428,1,0
16720,1,0
15879,0,1
17638,0,1
12708,1,0
12826,1,0
16772,0,1
17927,0,1
14083,1,0
14555,1,0
16296,0,1
18036,1,0
13921,0,1
12455,1,0
13995,1,0
12422,1,0
16600,1,0
17028,0,1
16222,0,1
15497,1,0
14949,0,1
17324,1,0
15409,0,1
13327,1,0
13781,0,1
16592,1,0
18252,1,0
14105,0,1
13847,0,1
15518,1,0
17624,1,0
13871,1,0
12609,1,0
14404,1,0
13111,0,1
16282,0,1
13510,1,0
14119,0,1
17182,0,1
14819,1,0
14480,1,0
17888,1,0
18251,1,0
12440,0,1
18190,0,1
13082,1,0
15064,0,1
14151,0,1
12539,1,0
13287,0,1
13821,1,0
16792,0,1
17807,0,1
14477,1,0
14839,0,1
17950,1,0
16875,1,0
13901,1,0
14198,1,0
15521,1,0
18171,1,0
16017,1,0
13253,1,0
13338,1,0
14969,0,1
15865,1,0
13610,1,0
13965,0,1
14954,1,0
14210,1,0
17362,0,1
14194,1,0
18008,1,0
17753,0,1
17941,1,0
18094,1,0
17404,1,0
14541,1,0
15266,0,1
16641,1,0
16862,0,1
16888,0,1
15874,1,0
15100,0,1
15324,0,1
14465,0,1
15152,1,0
12678,1,0
16057,1,0
12648,1,0
15586,0,1
14045,1,0
13360,0,1
15827,1,0
13854,1,0
16103,1,0
15607,0,1
16027,1,0
14327,1,0
18170,1,0
14016,1,0
13044,0,1
14573,1,0
13259,1,0
16109,0,1
16787,0,1
14849,1,0
14532,0,1
17323,1,0
14160,0,1
13762,0,1
18231,0,1
12951,1,0
14091,0,1
13634,1,0
17222,1,0
18242,1,0
17147,1,0
17113,0,1
13709,1,0
17139,1,0
18115,0,1
17529,0,1
12549,0,1
12875,1,0
17740,0,1
15549,1,0
14984,1,0
12406,1,0
17023,0,1
13433,0,1
15186,1,0
12939,1,0
16841,1,0
17945,0,1
15299,1,0
15002,1,0
12623,0,1
16422,1,0
13622,0,1
14225,0,1
14241,0,1
17352,0,1
12649,1,0
14137,0,1
14154,0,1
14826,0,1
16585,0,1
15513,1,0
12647,1,0
17962,1,0
17757,1,0
14146,1,0
13929,1,0
16304,0,1
13152,0,1
18041,1,0
13787,1,0
16414,1,0
14256,0,1
15903,1,0
16660,1,0
14423,0,1
18134,0,1
12644,1,0
17496,0,1
15605,1,0
13233,1,0
15046,1,0
13562,1,0
12431,1,0
15359,0,1
18106,0,1
17681,0,1
12755,0,1
12789,1,0
15771,0,1
16452,0,1
14324,0,1
17871,0,1
12631,1,0
17227,1,0
12860,0,1
17454,0,1
15224,0,1
12813,0,1
15489,1,0
14451,1,0
14421,1,0
17801,0,1
16595,1,0
13907,0,1
16510,0,1
14420,1,0
16524,0,1
16166,0,1
16434,1,0
13869,1,0
13616,0,1
17591,1,0
14892,0,1
12877,1,0
14441,1,0
14754,1,0
15747,1,0
15795,1,0
18057,0,1
14461,1,0
14442,0,1
17966,1,0
15164,1,0
17048,1,0
17773,0,1
16954,1,0
15375,0,1
14343,0,1
15697,0,1
16867,0,1
16287,1,0
15198,1,0
13877,1,0
12470,0,1
17769,1,0
17706,1,0
14715,1,0
12589,1,0
16087,0,1
14472,1,0
13555,1,0
12733,0,1
14413,0,1
13315,0,1
17245,0,1
17307,0,1
17963,0,1
14983,0,1
13397,1,0
12987,1,0
13027,1,0
16727,0,1
14556,0,1
14388,1,0
17220,1,0
17356,0,1
17794,0,1
15191,0,1
14649,1,0
14595,1,0
16085,1,0
13982,1,0
17875,0,1
16634,0,1
14207,0,1
15095,1,0
12986,0,1
14431,0,1
14530,1,0
14320,0,1
14714,1,0
15910,1,0
13527,1,0
15885,1,0
14064,1,0
15296,1,0
14439,0,1
13543,0,1
15682,0,1
17320,1,0
15126,0,1
17180,1,0
13413,0,1
13192,1,0
14854,1,0
14209,1,0
14274,0,1
17460,1,0
12531,1,0
16822,0,1
13889,1,0
14640,1,0
14837,1,0
17242,1,0
17618,1,0
17335,0,1
17780,0,1
16950,1,0
12916,1,0
13036,0,1
14879,0,1
12703,1,0
13249,1,0
15727,1,0
15711,0,1
14701,1,0
16255,1,0
14070,0,1
17071,1,0
16523,1,0
14522,1,0
17141,0,1
13209,1,0
15696,1,0
13729,0,1
14044,1,0
17142,0,1
16206,1,0
15434,1,0
15483,1,0
14986,0,1
17584,1,0
14870,0,1
14621,1,0
15303,0,1
13488,1,0
17810,0,1
18199,0,1
13477,1,0
16795,0,1
17419,1,0
16004,0,1
14628,1,0
15611,1,0
14376,0,1
12857,0,1
14538,1,0
17218,1,0
13650,1,0
15259,0,1
13971,1,0
12468,0,1
15218,1,0
15950,1,0
17536,1,0
15003,0,1
16481,0,1
13459,0,1
16281,1,0
12905,0,1
12361,0,1
17059,1,0
15845,1,0
17050,1,0
17726,0,1
13514,1,0
15766,1,0
15959,0,1
12745,0,1
12606,0,1
12404,0,1
12466,0,1
16291,0,1
12555,0,1
14912,1,0
12846,0,1
16047,0,1
14380,0,1
14079,1,0
17672,1,0
15702,0,1
12570,0,1
15073,1,0
13698,0,1
16051,0,1
14365,0,1
12873,0,1
15695,0,1
15798,0,1
14551,1,0
12869,0,1
17604,0,1
15389,1,0
16430,1,0
13048,1,0
15797,1,0
16320,1,0
13101,0,1
18016,1,0
14167,1,0
14279,0,1
12484,1,0
17695,1,0
17982,0,1
14672,0,1
15563,1,0
13820,0,1
14613,0,1
16326,1,0
15544,1,0
16137,0,1
16535,1,0
18194,1,0
13615,0,1
15137,0,1
17905,1,0
15861,1,0
15192,1,0
14469,0,1
13851,1,0
15487,0,1
13480,0,1
15251,1,0
12823,1,0
13583,1,0
14249,0,1
16673,0,1
16390,0,1
14068,0,1
15943,0,1
16923,1,0
16955,0,1
15013,0,1
15588,0,1
17137,0,1
14481,1,0
16014,1,0
14820,1,0
15385,1,0
12483,1,0
13443,0,1
13392,0,1
14306,1,0
13897,1,0
15338,0,1
18212,0,1
16655,1,0
12668,1,0
17107,1,0
17176,0,1
13478,0,1
14637,0,1
15317,0,1
15022,1,0
14370,0,1
12810,0,1
14047,1,0
12800,0,1
12711,0,1
15416,1,0
17365,1,0
13511,0,1
16415,1,0
15512,1,0
14821,0,1
13156,0,1
17361,1,0
13628,0,1
15480,1,0
18064,1,0
17350,1,0
15564,0,1
15803,1,0
13584,0,1
17146,1,0
13916,0,1
15279,0,1
18175,0,1
17163,1,0
16300,0,1
12848,0,1
13538,1,0
17876,0,1
13975,1,0
17092,1,0
16067,0,1
12805,0,1
15321,1,0
15091,1,0
13553,0,1
16928,1,0
13757,0,1
17311,1,0
16840,0,1
16081,1,0
14399,0,1
12396,0,1
15448,0,1
18101,1,0
13619,0,1
16834,0,1
17690,1,0
12840,1,0
14545,0,1
15023,1,0
14038,1,0
15591,0,1
14497,0,1
15732,0,1
13107,1,0
12373,0,1
16583,0,1
17281,0,1
16383,1,0
16412,1,0
13783,0,1
15167,0,1
17138,0,1
16986,1,0
12500,1,0
17309,1,0
16266,1,0
15365,1,0
17328,0,1
15810,1,0
13874,0,1
18267,0,1
12853,1,0
13009,0,1
16147,1,0
13658,1,0
16704,0,1
15784,0,1
14682,0,1
15660,1,0
13700,1,0
16714,0,1
15580,0,1
15422,0,1
15584,1,0
16788,1,0
16225,1,0
12402,0,1
14562,1,0
17550,0,1
16082,0,1
16212,1,0
17342,0,1
17504,0,1
14227,1,0
13497,0,1
16161,1,0
13870,1,0
16246,0,1
13417,1,0
13304,0,1
13834,0,1
14884,0,1
18070,0,1
16078,0,1
15339,1,0
16781,0,1
17514,1,0
17294,0,1
17647,1,0
12524,1,0
12665,0,1
17319,0,1
17774,1,0
15892,0,1
13119,0,1
12370,1,0
13131,1,0
14609,1,0
17577,0,1
15082,0,1
12645,1,0
17083,1,0
12621,1,0
13293,0,1
16344,1,0
17731,1,0
13976,0,1
13242,1,0
16419,1,0
13985,1,0
16873,1,0
12663,0,1
16530,0,1
13092,1,0
12932,0,1
18058,1,0
15176,0,1
13164,0,1
12776,0,1
17201,1,0
17575,0,1
12474,1,0
16577,0,1
12670,1,0
15765,0,1
12567,1,0
14115,0,1
14072,0,1
16992,1,0
14301,1,0
17685,1,0
12677,0,1
13696,0,1
14190,0,1
15244,1,0
13288,0,1
13551,0,1
16839,1,0
15807,1,0
16978,1,0
13629,1,0
13291,1,0
16553,1,0
13815,1,0
16895,1,0
15293,0,1
15504,1,0
12695,1,0
13223,0,1
17226,0,1
17547,0,1
15278,0,1
14103,0,1
15288,1,0
12976,0,1
14827,0,1
17258,0,1
17955,0,1
17029,1,0
15372,1,0
13446,0,1
16608,0,1
15561,1,0
17108,0,1
15425,0,1
15538,0,1
16136,1,0
13587,1,0
14970,1,0
15272,1,0
17285,0,1
13421,1,0
17340,1,0
16838,0,1
15964,0,1
14909,0,1
18179,1,0
14943,0,1
12426,0,1
12391,1,0
14282,1,0
12380,1,0
16330,1,0
17136,0,1
15371,0,1
16544,0,1
16860,0,1
17241,0,1
17442,1,0
17644,1,0
15323,0,1
13802,1,0
14369,0,1
16359,1,0
14989,0,1
16584,1,0
13407,0,1
17171,0,1
14639,1,0
17778,0,1
17789,0,1
15325,1,0
12960,0,1
13503,1,0
12972,0,1
17931,1,0
13842,1,0
16911,0,1
16774,1,0
14944,1,0
13659,0,1
18285,0,1
14244,0,1
17560,1,0
13613,0,1
14276,1,0
17426,1,0
14584,1,0
16447,1,0
16938,1,0
18218,0,1
14322,0,1
14495,1,0
14890,0,1
13773,0,1
13020,0,1
12993,1,0
13431,1,0
12898,0,1
16170,1,0
13579,1,0
14152,1,0
18178,1,0
17763,0,1
12891,0,1
15693,0,1
17721,0,1
18153,0,1
14783,0,1
18257,1,0
15306,1,0
16487,0,1
14686,0,1
13333,0,1
13957,0,1
16574,1,0
13604,0,1
17145,0,1
13662,1,0
13552,1,0
13191,0,1
18283,1,0
12416,0,1
13761,1,0
14878,1,0
15988,1,0
15182,1,0
16693,1,0
15774,1,0
16948,1,0
13980,1,0
17332,0,1
15928,0,1
12945,0,1
16450,1,0
14602,0,1
16273,0,1
13540,0,1
12360,1,0
13434,1,0
12389,0,1
16619,0,1
14997,1,0
17439,0,1
13217,1,0
17195,0,1
17081,1,0
15754,1,0
17259,1,0
15673,1,0
16071,1,0
13340,1,0
17829,0,1
13513,1,0
12727,1,0
17667,1,0
13330,1,0
15493,1,0
16416,1,0
13052,0,1
14726,0,1
15295,0,1
13772,1,0
15241,1,0
14112,1,0
13490,0,1
15955,1,0
14681,1,0
15290,1,0
16388,0,1
12482,0,1
16406,1,0
12998,0,1
15439,0,1
14284,1,0
12909,1,0
15659,1,0
13765,0,1
15058,1,0
16208,1,0
13944,0,1
14535,1,0
13469,0,1
13104,1,0
17358,0,1
16118,0,1
14006,1,0
16471,0,1
14740,0,1
18009,0,1
17863,1,0
13334,1,0
13771,1,0
13240,1,0
14402,0,1
17200,0,1
13935,0,1
16677,0,1
17534,1,0
13652,1,0
14770,0,1
17207,0,1
17883,1,0
17011,1,0
15366,1,0
16631,0,1
15124,1,0
13598,1,0
14177,1,0
16913,0,1
14459,1,0
15477,0,1
15569,1,0
15149,1,0
14807,0,1
18046,0,1
17760,1,0
15990,1,0
15664,1,0
16939,0,1
13561,0,1
16283,1,0
17373,1,0
18069,1,0
14798,1,0
12598,1,0
13010,0,1
15219,1,0
14131,0,1
16511,1,0
16037,0,1
13018,1,0
17305,0,1
16521,0,1
16519,1,0
17359,1,0
16731,0,1
14257,1,0
15603,1,0
17116,0,1
13911,1,0
17330,1,0
12731,1,0
16946,0,1
17477,0,1
13797,0,1
13126,1,0
14818,1,0
15927,0,1
16960,1,0
12525,0,1
16177,1,0
12809,1,0
15606,1,0
13593,1,0
16520,0,1
13793,0,1
13663,1,0
16947,0,1
16099,1,0
18148,0,1
17020,0,1
13873,1,0
13294,0,1
12594,1,0
16461,1,0
16636,0,1
13214,0,1
13722,1,0
13595,0,1
14142,0,1
18152,0,1
16285,0,1
14157,1,0
15875,0,1
13835,1,0
13377,0,1
17049,1,0
15622,1,0
17930,1,0
15084,0,1
14097,0,1
18151,1,0
13879,0,1
17663,1,0
16859,1,0
18272,1,0
17847,0,1
14018,0,1
14426,1,0
13881,1,0
17159,1,0
16096,0,1
14748,1,0
15030,1,0
17448,0,1
12371,1,0
17718,0,1
12399,1,0
13280,1,0
12568,0,1
13476,1,0
12497,1,0
18226,1,0
14957,0,1
14186,0,1
13544,1,0
13515,1,0
15094,0,1
17190,1,0
17006,1,0
15630,1,0
15978,1,0
14852,1,0
15929,0,1
14233,1,0
13799,1,0
16331,0,1
14172,0,1
13201,0,1
13508,0,1
16271,1,0
15443,1,0
14205,1,0
14877,0,1
18253,0,1
13764,1,0
17236,1,0
17589,1,0
17734,1,0
13276,1,0
16466,1,0
12530,1,0
15631,0,1
18029,0,1
16984,1,0
16310,0,1
16534,0,1
17158,1,0
12369,0,1
14493,1,0
15847,1,0
17298,1,0
15791,1,0
12765,0,1
17682,1,0
12825,0,1
17325,0,1
16754,0,1
13157,1,0
17542,0,1
17857,1,0
12514,0,1
17960,1,0
16628,1,0
17289,1,0
17025,1,0
16537,0,1
17488,0,1
16681,1,0
13454,0,1
16275,0,1
16568,0,1
18245,1,0
17002,1,0
17438,0,1
15250,0,1
16182,1,0
17266,1,0
15437,0,1
12495,0,1
15921,1,0
18039,0,1
17907,0,1
14147,1,0
13627,1,0
16854,0,1
13283,1,0
15722,1,0
16707,0,1
16756,0,1
12542,0,1
14676,1,0
13316,1,0
12638,1,0
13484,0,1
16846,1,0
17348,1,0
13566,1,0
14924,0,1
14403,1,0
16258,1,0
13305,1,0
15558,0,1
16611,0,1
17338,1,0
14060,1,0
12954,0,1
16387,0,1
13715,0,1
14745,1,0
15221,0,1
15008,0,1
17065,0,1
17228,1,0
17588,1,0
16347,1,0
13795,0,1
14824,1,0
12692,0,1
15941,0,1
13824,1,0
13724,0,1
13573,1,0
16586,0,1
15994,1,0
13183,1,0
18149,1,0
13688,0,1
15665,1,0
17849,0,1
14857,1,0
14645,1,0
14315,1,0
15117,1,0
18135,1,0
13530,0,1
14534,1,0
16242,1,0
14195,0,1
13600,0,1
15227,1,0
15123,1,0
12366,0,1
15946,0,1
14873,0,1
14604,0,1
18063,0,1
14496,0,1
12701,1,0
17478,0,1
14872,0,1
17568,0,1
17479,0,1
16652,1,0
13612,0,1
16777,1,0
13275,0,1
18196,1,0
17933,0,1
16917,0,1
13371,0,1
16254,0,1
13406,0,1
15775,0,1
16336,0,1
18131,0,1
16571,1,0
18187,0,1
14427,1,0
16977,0,1
15819,1,0
14651,1,0
15918,0,1
14400,1,0
13057,0,1
15461,0,1
16385,1,0
13243,0,1
15496,0,1
12615,1,0
16303,1,0
16108,1,0
17349,1,0
13128,0,1
18247,0,1
16668,1,0
16199,0,1
13230,1,0
13150,0,1
17838,1,0
17738,1,0
16716,0,1
16008,1,0
14292,1,0
15760,0,1
14851,1,0
16508,0,1
17673,1,0
12418,1,0
14832,0,1
14316,0,1
12908,1,0
15650,0,1
18085,0,1
17133,1,0
17472,0,1
13466,0,1
17587,0,1
17051,0,1
16039,0,1
16397,0,1
12796,0,1
18078,0,1
12368,0,1
13451,1,0
12639,0,1
14928,0,1
17552,1,0
16132,0,1
13151,0,1
13482,0,1
14175,1,0
14817,0,1
13357,0,1
14355,0,1
14464,0,1
16441,1,0
17640,1,0
13706,0,1
15614,0,1
14596,0,1
15105,1,0
16970,0,1
14166,0,1
16578,0,1
16615,0,1
12918,0,1
13445,0,1
14762,0,1
14344,1,0
15869,0,1
13896,0,1
18189,1,0
13252,0,1
16077,0,1
13988,1,0
12742,0,1
16002,0,1
14729,0,1
15086,0,1
16444,1,0
14026,0,1
15447,0,1
16741,0,1
17072,0,1
14202,0,1
14947,1,0
15374,1,0
13849,1,0
17001,1,0
17353,1,0
16090,0,1
13969,1,0
17301,1,0
16943,0,1
13900,0,1
13285,1,0
12870,0,1
15027,1,0
16794,1,0
17484,0,1
12726,1,0
13187,0,1
13705,1,0
14704,1,0
12791,0,1
15698,0,1
14330,0,1
16286,0,1
14013,1,0
15789,0,1
18188,1,0
17582,0,1
18166,0,1
18215,1,0
16493,1,0
16601,1,0
14537,1,0
13117,1,0
14074,0,1
12477,1,0
14994,0,1
16807,1,0
15249,1,0
14253,0,1
16833,1,0
15552,0,1
15848,0,1
13053,0,1
15289,1,0
17827,1,0
14378,0,1
14805,1,0
16934,1,0
16784,1,0
12910,1,0
15068,1,0
17518,0,1
14101,1,0
15423,1,0
14572,1,0
15570,1,0
17068,1,0
13684,0,1
14078,1,0
15231,0,1
16666,1,0
14583,1,0
14809,0,1
16549,1,0
15141,0,1
13113,1,0
15981,1,0
16532,1,0
17994,1,0
16456,1,0
16502,0,1
17046,1,0
12496,0,1
16036,1,0
16176,0,1
13412,0,1
17664,1,0
16570,1,0
16455,1,0
17676,1,0
13051,0,1
12990,1,0
12861,0,1
14935,0,1
15029,0,1
15715,0,1
15575,0,1
17586,0,1
17464,1,0
17217,0,1
14235,1,0
15122,1,0
14492,0,1
14882,1,0
15742,0,1
13856,1,0
16658,0,1
13676,0,1
17602,1,0
18025,0,1
15792,0,1
15216,1,0
13803,0,1
18093,1,0
17889,0,1
14706,0,1
13179,0,1
15741,0,1
16133,1,0
13059,0,1
18056,0,1
17531,0,1
16845,0,1
15796,1,0
15454,0,1
15800,1,0
15125,1,0
16847,1,0
13219,0,1
13464,1,0
13361,0,1
14893,1,0
12662,1,0
15689,1,0
16377,0,1
14916,1,0
13582,0,1
18241,1,0
15173,0,1
13196,1,0
14200,0,1
16130,0,1
14692,1,0
17993,0,1
13750,1,0
14049,1,0
16054,1,0
17669,1,0
14835,0,1
14694,0,1
14489,0,1
18173,1,0
12997,1,0
15215,1,0
15770,0,1
14035,1,0
13939,1,0
13710,1,0
16654,1,0
13071,0,1
14221,1,0
14825,1,0
14265,1,0
13432,0,1
13207,1,0
17563,0,1
15252,1,0
13632,1,0
16941,0,1
14264,1,0
12643,1,0
15112,0,1
13723,0,1
15201,1,0
12821,0,1
13640,0,1
16454,1,0
16369,1,0
17497,0,1
14758,1,0
13852,0,1
17553,1,0
14145,1,0
14855,1,0
16053,1,0
13712,0,1
14918,1,0
14813,0,1
13278,1,0
14450,0,1
14533,1,0
15613,0,1
17746,0,1
17110,1,0
17805,1,0
15638,0,1
15062,1,0
13163,0,1
15129,1,0
13197,0,1
16040,1,0
18246,1,0
16341,1,0
16944,0,1
12786,0,1
13080,1,0
15331,0,1
17609,1,0
16276,1,0
14275,0,1
16814,1,0
12481,1,0
17608,1,0
13180,0,1
14011,0,1
16372,1,0
17221,1,0
15067,1,0
14430,0,1
12935,1,0
15524,1,0
15590,0,1
14791,0,1
14114,0,1
14930,1,0
15546,0,1
14844,1,0
12982,0,1
12671,0,1
14853,1,0
12943,0,1
15268,0,1
15639,1,0
12459,0,1
16809,1,0
15982,0,1
14998,1,0
17505,1,0
16259,0,1
15890,0,1
17594,1,0
14624,1,0
17039,0,1
16105,0,1
16292,1,0
13878,1,0
15572,1,0
13388,1,0
14569,1,0
14656,1,0
18174,1,0
13647,1,0
18236,1,0
17678,0,1
15814,1,0
17709,1,0
13661,0,1
16174,1,0
15354,0,1
13015,1,0
13414,1,0
13450,1,0
13734,0,1
18262,1,0
12778,1,0
12395,1,0
12969,0,1
15979,0,1
17626,0,1
14988,0,1
14907,1,0
16094,1,0
17842,0,1
14623,1,0
13262,0,1
17346,1,0
14395,1,0
17256,1,0
15972,0,1
17041,1,0
16921,1,0
13286,0,1
14506,1,0
15410,1,0
17540,1,0
14845,0,1
17474,0,1
13145,1,0
15273,0,1
13115,1,0
15451,0,1
18095,0,1
12516,1,0
14372,0,1
16548,0,1
12780,0,1
14926,0,1
14611,0,1
15970,0,1
16864,0,1
14812,0,1
12983,0,1
17622,0,1
17185,0,1
15886,1,0
18062,1,0
16256,0,1
16472,0,1
16231,0,1
12588,1,0
15455,0,1
13461,1,0
13963,0,1
13308,1,0
14917,0,1
12504,1,0
13625,0,1
12625,0,1
13346,0,1
16743,1,0
15651,1,0
16279,1,0
14655,1,0
17729,0,1
14182,0,1
17240,0,1
14788,1,0
17057,0,1
12672,0,1
15474,0,1
17181,1,0
16028,0,1
15548,0,1
13656,1,0
15042,0,1
15245,1,0
16538,0,1
16868,0,1
15600,0,1
12844,1,0
16068,0,1
13863,0,1
13760,1,0
18091,0,1
13609,0,1
14677,0,1
12838,1,0
17093,0,1
14743,0,1
14773,0,1
12925,1,0
15717,0,1
14999,0,1
14665,1,0
14021,1,0
17715,0,1
15384,1,0
14563,0,1
15111,1,0
13307,1,0
14552,1,0
16623,0,1
17959,0,1
13012,1,0
13655,1,0
13064,1,0
16088,0,1
16543,0,1
16117,0,1
15402,1,0
17991,0,1
16354,1,0
12849,1,0
12392,0,1
16408,0,1
16267,0,1
12744,1,0
16138,0,1
14237,0,1
14978,1,0
17635,0,1
17491,1,0
13539,1,0
13775,0,1
18273,1,0
18049,0,1
14724,0,1
12876,1,0
16384,1,0
12717,1,0
17605,0,1
14389,1,0
16648,1,0
15445,0,1
15101,1,0
13238,1,0
12698,0,1
16767,1,0
13041,0,1
17886,1,0
17730,1,0
18111,0,1
12349,1,0
17771,1,0
15954,0,1
16332,1,0
12863,1,0
16607,1,0
15180,0,1
18141,0,1
12377,0,1
17463,1,0
15709,0,1
16827,0,1
12915,1,0
17021,0,1
14650,0,1
12806,0,1
17005,0,1
15818,0,1
14201,1,0
16374,1,0
12374,1,0
14683,0,1
15253,1,0
15418,0,1
16651,0,1
17565,0,1
15373,1,0
15229,0,1
15426,1,0
13465,0,1
17555,1,0
12507,1,0
16317,1,0
15183,0,1
13143,0,1
16145,1,0
12725,0,1
12503,0,1
18163,0,1
14962,0,1
15391,0,1
16526,1,0
15396,1,0
16135,0,1
14025,0,1
17759,1,0
14437,0,1
14936,1,0
15488,1,0
13512,0,1
18028,0,1
15868,0,1
15097,1,0
15381,0,1
15704,1,0
17597,0,1
12958,0,1
13713,0,1
13400,0,1
16844,0,1
12388,1,0
13102,1,0
17199,0,1
14272,1,0
13024,0,1
13891,0,1
16890,0,1
13974,1,0
17225,0,1
17798,0,1
13830,0,1
14814,0,1
18254,0,1
17031,1,0
17808,0,1
16632,0,1
13007,0,1
13838,1,0
14474,1,0
17926,1,0
14678,0,1
13425,1,0
17292,0,1
14129,1,0
17135,1,0
16092,1,0
15661,0,1
17720,1,0
17003,0,1
14941,0,1
14361,0,1
17169,1,0
17482,0,1
17579,1,0
14588,0,1
16614,0,1
17077,0,1
12675,0,1
16323,0,1
16737,1,0
12582,0,1
17545,1,0
12599,1,0
18281,0,1
13695,1,0
13943,0,1
17321,1,0
15034,1,0
13222,0,1
13296,1,0
16307,0,1
13103,1,0
14014,1,0
13295,0,1
14391,0,1
17705,1,0
14707,0,1
12580,0,1
15012,1,0
16898,1,0
17016,0,1
17845,0,1
13998,0,1
12494,1,0
16993,0,1
15405,0,1
17897,1,0
15470,0,1
15199,1,0
14039,1,0
13892,1,0
13220,1,0
18197,0,1
13888,1,0
15597,1,0
16906,1,0
15210,0,1
12894,0,1
12923,1,0
15478,1,0
12880,0,1
16115,1,0
16836,1,0
15723,0,1
16588,0,1
14296,0,1
13300,1,0
16922,0,1
18258,0,1
17123,1,0
16507,0,1
14982,0,1
18287,1,0
18157,0,1
16932,1,0
15280,1,0
13857,0,1
13719,1,0
14017,0,1
17928,1,0
13605,0,1
14304,0,1
16884,1,0
15071,1,0
13501,0,1
14744,1,0
13541,0,1
15282,0,1
16835,1,0
14325,0,1
17413,0,1
17382,1,0
15636,1,0
14283,0,1
17490,1,0
16059,1,0
14598,1,0
14220,0,1
16915,1,0
16564,0,1
12837,1,0
16664,0,1
14334,1,0
15777,0,1
15401,0,1
17758,1,0
15025,1,0
14850,0,1
15559,0,1
13213,1,0
16604,0,1
15826,1,0
14513,1,0
14671,0,1
14311,0,1
12355,0,1
18011,0,1
14409,1,0
17898,1,0
16889,0,1
16121,1,0
12974,0,1
16290,0,1
18208,0,1
14010,0,1
17785,1,0
13778,1,0
17278,0,1
12409,1,0
14920,0,1
18060,0,1
12632,0,1
16831,0,1
14394,0,1
16974,0,1
13402,1,0
16185,1,0
18052,0,1
14168,0,1
14847,1,0
16229,1,0
15681,1,0
17205,1,0
16075,0,1
12773,0,1
18000,0,1
12802,0,1
13324,1,0
16175,1,0
13989,1,0
14993,0,1
15217,0,1
16328,0,1
17862,0,1
17694,1,0
12656,1,0
17327,0,1
17179,1,0
15900,1,0
17074,0,1
14181,0,1
16715,1,0
16153,1,0
16046,0,1
14938,0,1
12378,1,0
13880,1,0
16458,1,0
13920,0,1
13169,1,0
17499,0,1
15340,0,1
16234,0,1
16392,0,1
16391,0,1
15256,1,0
17699,0,1
16695,0,1
14069,0,1
16101,1,0
14876,0,1
16691,0,1
15985,1,0
16218,1,0
15400,1,0
15254,1,0
13602,1,0
17741,0,1
17822,0,1
12619,1,0
17583,0,1
16035,0,1
12499,0,1
18044,1,0
14104,1,0
17617,0,1
15938,1,0
16518,1,0
15135,0,1
15980,1,0
15670,0,1
18038,0,1
17745,0,1
13472,0,1
15246,0,1
15887,0,1
15714,1,0
16565,0,1
16401,1,0
15305,0,1
17096,1,0
14033,0,1
16896,0,1
14859,1,0
15502,1,0
12874,0,1
17216,0,1
13031,0,1
17683,0,1
18214,0,1
15731,0,1
14486,0,1
14436,1,0
14902,1,0
18206,0,1
17235,1,0
14687,1,0
14766,1,0
18234,0,1
16356,0,1
12911,0,1
18112,1,0
13109,1,0
14208,1,0
17915,0,1
16340,1,0
13614,1,0
18137,0,1
15976,1,0
14128,1,0
13056,0,1
14247,0,1
14734,0,1
17009,0,1
14309,1,0
15958,1,0
17987,0,1
14028,0,1
15471,1,0
14515,1,0
16382,0,1
13699,1,0
17515,1,0
14786,0,1
16232,1,0
18100,0,1
15872,1,0
12829,0,1
15551,1,0
17040,1,0
17101,1,0
15720,1,0
14498,1,0
17784,0,1
13997,0,1
12928,1,0
16048,0,1
17543,0,1
18103,0,1
17440,1,0
15532,1,0
14308,0,1
16072,0,1
17713,0,1
14616,0,1
17417,0,1
13502,1,0
14260,0,1
15352,0,1
17282,1,0
17381,1,0
16453,0,1
14230,0,1
14615,0,1
17971,0,1
14180,1,0
12424,1,0
12634,0,1
17204,1,0
13065,0,1
17869,1,0
15757,1,0
15734,1,0
15207,0,1
16679,0,1
13438,0,1
14618,1,0
15102,0,1
17996,0,1
17691,0,1
16209,1,0
16499,0,1
17902,0,1
14228,0,1
13794,0,1
16547,0,1
14727,0,1
13337,0,1
12429,1,0
18022,1,0
17749,1,0
13601,1,0
14255,0,1
13745,1,0
16021,0,1
13545,0,1
17790,1,0
14224,1,0
17923,0,1
14581,1,0
16647,1,0
16622,0,1
13383,0,1
13559,0,1
16625,0,1
12897,0,1
15150,1,0
18020,0,1
15901,1,0
15016,1,0
16007,1,0
15361,0,1
15817,0,1
12637,1,0
13069,1,0
16500,1,0
15905,0,1
17922,0,1
14139,1,0
16205,1,0
13297,1,0
17571,1,0
15816,0,1
13168,1,0
15625,1,0
15926,0,1
14634,0,1
18042,1,0
15040,0,1
17952,0,1
13567,0,1
13586,0,1
14374,0,1
15432,1,0
14375,0,1
14619,0,1
14075,1,0
17401,0,1
13112,0,1
16492,0,1
13919,1,0
16134,1,0
17098,0,1
12746,0,1
17692,1,0
16515,1,0
13608,0,1
14508,1,0
16925,0,1
17953,0,1
15718,0,1
17341,1,0
13277,1,0
16155,0,1
14919,0,1
12412,1,0
14840,0,1
16486,0,1
18128,0,1
15247,1,0
16739,1,0
15786,1,0
12469,0,1
14338,1,0
13707,0,1
16815,0,1
16062,1,0
16315,0,1
16503,1,0
17192,0,1
15081,1,0
12774,0,1
16227,0,1
12724,1,0
16894,0,1
15809,1,0
14874,0,1
14793,1,0
16680,1,0
17422,1,0
12792,0,1
17380,0,1
14725,1,0
17310,0,1
13942,0,1
12379,1,0
16825,1,0
16180,1,0
14509,0,1
15248,0,1
15991,0,1
17304,0,1
15913,0,1
17686,1,0
12705,1,0
14566,1,0
16683,0,1
15043,1,0
12741,0,1
17099,0,1
15629,0,1
14326,0,1
16961,1,0
15824,0,1
16539,1,0
15779,0,1
14058,0,1
13861,0,1
14199,0,1
17194,0,1
16529,0,1
15264,1,0
17812,1,0
16733,0,1
17437,0,1
16012,1,0
13129,0,1
17578,0,1
13123,0,1
12451,1,0
12784,1,0
17326,0,1
12485,0,1
14020,1,0
13859,0,1
12527,1,0
12799,0,1
13023,1,0
13299,0,1
14774,0,1
12788,0,1
12529,0,1
13620,0,1
15430,0,1
12415,1,0
15842,0,1
13752,1,0
13739,1,0
14398,0,1
17666,1,0
18053,1,0
14217,1,0
15486,0,1
17748,0,1
13814,1,0
13649,0,1
12575,0,1
12653,1,0
15852,0,1
17239,0,1
15888,1,0
18109,1,0
17651,1,0
13302,1,0
15851,0,1
16926,0,1
12576,1,0
13292,1,0
13439,0,1
17187,0,1
18217,1,0
17080,1,0
16907,1,0
14693,0,1
18230,1,0
12633,1,0
14699,0,1
14963,1,0
13246,1,0
14366,0,1
13125,0,1
14647,0,1
16032,0,1
13029,1,0
17376,1,0
15627,0,1
15678,1,0
16110,1,0
15969,1,0
12953,1,0
12693,1,0
15076,1,0
14900,0,1
16576,0,1
17901,1,0
12403,1,0
12730,0,1
14452,1,0
12749,1,0
13909,0,1
16443,0,1
15133,1,0
17129,0,1
13534,1,0
16649,0,1
15056,0,1
13677,0,1
15127,1,0
12782,1,0
12592,1,0
16650,1,0
12963,1,0
18279,0,1
12841,1,0
13399,0,1
17492,0,1
14580,0,1
15283,0,1
16049,1,0
14516,0,1
13779,0,1
18238,0,1
17143,0,1
14248,0,1
16469,1,0
13428,1,0
16435,0,1
17408,1,0
14610,0,1
17714,0,1
18123,1,0
17034,1,0
15332,0,1
18096,1,0
16172,1,0
14007,0,1
15530,1,0
17559,0,1
17783,1,0
13255,1,0
14084,0,1
16251,0,1
17968,0,1
18021,0,1
15908,0,1
17921,1,0
15452,1,0
13959,1,0
17680,1,0
12977,1,0
16128,1,0
17541,0,1
17261,0,1
14553,1,0
15151,0,1
17339,1,0
15189,1,0
16496,1,0
14674,0,1
16089,0,1
14599,0,1
12696,0,1
16861,1,0
15788,0,1
17395,0,1
17090,1,0
17470,1,0
12864,1,0
14922,0,1
13509,1,0
16129,0,1
15617,0,1
12480,1,0
14797,0,1
12720,1,0
13913,0,1
13444,0,1
18074,0,1
14858,0,1
16975,0,1
17643,0,1
16555,1,0
12421,1,0
16165,0,1
17918,0,1
14236,1,0
17177,0,1
13788,0,1
18026,0,1
12595,0,1
16203,1,0
13665,0,1
14312,1,0
18132,0,1
18244,0,1
17112,0,1
12866,0,1
15431,0,1
12410,0,1
13239,0,1
13250,0,1
12889,0,1
13137,1,0
15378,0,1
12476,1,0
15080,0,1
17494,0,1
14435,0,1
17224,0,1
15142,1,0
12801,0,1
14384,0,1
16219,0,1
15873,0,1
13384,1,0
13161,0,1
15284,0,1
12804,0,1
12547,0,1
13435,1,0
17122,1,0
15228,1,0
14463,1,0
15596,1,0
18207,0,1
13796,0,1
16278,1,0
16937,0,1
18264,0,1
14833,0,1
14901,1,0
18075,1,0
12737,0,1
17168,0,1
16045,1,0
12408,1,0
15021,1,0
14346,1,0
16428,0,1
17109,1,0
17735,1,0
15459,0,1
14455,0,1
13766,0,1
13474,0,1
12862,0,1
13617,1,0
15666,0,1
15200,0,1
18277,1,0
13090,1,0
12907,0,1
16060,0,1
16440,1,0
14001,1,0
18048,0,1
17665,0,1
16880,1,0
16316,1,0
14219,1,0
15363,0,1
16417,0,1
15387,0,1
16334,0,1
15587,1,0
13084,0,1
13155,1,0
17156,0,1
18079,1,0
15271,1,0
14521,0,1
13135,0,1
13140,1,0
18154,1,0
17975,1,0
16196,0,1
17132,0,1
14575,0,1
17393,0,1
15262,0,1
13653,0,1
17732,0,1
12458,1,0
15595,0,1
14631,1,0
14794,1,0
17212,0,1
14022,0,1
14053,1,0
13045,1,0
14722,1,0
16221,1,0
13839,0,1
14144,0,1
14913,1,0
13717,1,0
15837,1,0
13594,1,0
12771,0,1
14700,1,0
14822,0,1
17615,1,0
14736,0,1
15110,1,0
16033,1,0
15652,1,0
16477,1,0
14630,0,1
18227,0,1
12959,0,1
17639,0,1
14550,1,0
12676,1,0
14153,0,1
16345,1,0
17300,0,1
15893,0,1
16043,1,0
17248,1,0
16468,1,0
14996,0,1
14183,0,1
17299,1,0
15050,1,0
12687,0,1
13063,0,1
14379,1,0
13945,0,1
14531,0,1
17430,1,0
14749,0,1
17513,1,0
15072,0,1
13320,1,0
17627,0,1
15310,0,1
17792,0,1
16675,0,1
16638,1,0
15764,1,0
17585,1,0
15154,1,0
15506,1,0
17599,0,1
12851,1,0
16919,1,0
13479,0,1
18191,0,1
16299,0,1
12519,1,0
12433,1,0
16562,0,1
16294,0,1
12865,1,0
15322,1,0
14243,1,0
16396,0,1
15855,1,0
17471,0,1
12450,1,0
17689,0,1
14767,0,1
16770,1,0
14565,1,0
18140,0,1
15683,1,0
14187,0,1
14321,1,0
13452,0,1
16314,0,1
17649,1,0
14342,1,0
17336,0,1
18124,0,1
12721,1,0
14229,1,0
13548,1,0
14787,0,1
16448,0,1
14268,0,1
14866,1,0
16235,1,0
16375,0,1
14482,1,0
16288,0,1
14544,1,0
13884,1,0
14499,1,0
16421,0,1
16870,0,1
17894,1,0
15936,0,1
15074,1,0
15166,0,1
13922,0,1
17384,1,0
12423,1,0
14885,1,0
14433,0,1
17126,1,0
13714,0,1
12651,0,1
12573,0,1
16819,0,1
12761,0,1
17215,0,1
15574,1,0
15677,1,0
12414,0,1
16065,0,1
18182,0,1
12831,0,1
14908,1,0
13992,1,0
15424,0,1
16872,1,0
16239,1,0
12808,1,0
14086,0,1
16100,0,1
14009,0,1
15092,0,1
16289,0,1
14163,1,0
14753,1,0
13809,0,1
13506,0,1
13032,1,0
14318,0,1
13785,0,1
15543,0,1
13133,0,1
12859,0,1
16832,0,1
14968,1,0
12605,0,1
12819,0,1
13683,0,1
13076,0,1
12777,0,1
15752,1,0
13005,1,0
12635,1,0
16972,0,1
12770,0,1
14688,1,0
13046,1,0
12460,0,1
16886,0,1
17456,0,1
18255,1,0
16095,0,1
17762,0,1
14444,0,1
17473,0,1
17366,0,1
12760,0,1
17369,0,1
14708,1,0
14445,0,1
14635,0,1
15992,1,0
16042,1,0
16799,0,1
15006,1,0
15406,1,0
17383,1,0
17728,1,0
17308,0,1
13440,0,1
13537,0,1
17616,1,0
15107,0,1
13312,0,1
14363,0,1
17149,0,1
16690,1,0
18136,1,0
14381,1,0
14231,0,1
15966,0,1
12768,0,1
15906,1,0
13784,1,0
17403,1,0
16005,1,0
16522,0,1
15685,0,1
16080,1,0
16979,1,0
16589,1,0
15301,1,0
17392,0,1
13374,0,1
13424,0,1
16646,0,1
15962,0,1
15341,1,0
15748,1,0
15535,1,0
13398,0,1
16146,1,0
16371,0,1
12554,0,1
17765,1,0
15026,1,0
12425,1,0
17743,0,1
15876,0,1
12543,0,1
18089,0,1
16983,1,0
13701,0,1
13554,0,1
13067,1,0
15519,0,1
14776,1,0
17255,1,0
16264,0,1
15870,1,0
15599,1,0
15462,1,0
17811,1,0
13702,0,1
14212,1,0
17055,0,1
12850,0,1
17167,0,1
14668,0,1
17834,0,1
17284,1,0
14906,0,1
13375,1,0
15473,1,0
13689,1,0
16465,0,1
14716,1,0
17480,1,0
12751,0,1
15041,1,0
14169,0,1
14761,1,0
16998,1,0
15728,0,1
14126,1,0
17161,0,1
14933,0,1
12578,1,0
17840,0,1
14570,0,1
13205,0,1
15761,0,1
16857,0,1
13519,1,0
13264,0,1
18107,0,1
15140,1,0
16856,1,0
18193,1,0
15476,0,1
16298,1,0
16546,0,1
16261,1,0
16775,1,0
14992,0,1
17134,1,0
16531,1,0
14875,1,0
17567,1,0
16692,0,1
16140,1,0
14934,1,0
17396,1,0
14226,1,0
12871,1,0
17062,0,1
14094,0,1
14269,0,1
13118,1,0
14806,1,0
13281,0,1
12449,1,0
15469,1,0
17919,1,0
17315,1,0
15616,0,1
12348,1,0
16211,1,0
14328,0,1
17524,0,1
13290,0,1
13687,0,1
14802,0,1
17280,0,1
17450,1,0
13139,1,0
16362,1,0
13073,0,1
16269,0,1
13970,0,1
15347,0,1
13386,0,1
14597,1,0
17007,1,0
16198,1,0
15871,0,1
13754,1,0
14410,1,0
13927,1,0
16237,0,1
12964,0,1
13639,1,0
16148,0,1
12946,0,1
13804,1,0
16783,0,1
14843,0,1
14891,1,0
17257,0,1
14829,1,0
14449,1,0
14510,0,1
13105,0,1
13257,0,1
16489,0,1
16490,0,1
12661,0,1
13556,0,1
14004,1,0
13962,1,0
16368,1,0
14953,1,0
13966,0,1
12562,1,0
16214,1,0
14742,0,1
15736,0,1
16958,0,1
14800,1,0
15960,0,1
13108,0,1
14568,0,1
15243,1,0
13763,1,0
12457,1,0
16044,0,1
14657,1,0
12817,0,1
17533,0,1
16306,0,1
14303,0,1
17521,1,0
13002,0,1
15261,1,0
17360,1,0
15276,1,0
15190,0,1
16606,0,1
13198,1,0
12652,0,1
18266,0,1
13380,0,1
17022,1,0
13674,0,1
18270,1,0
16848,1,0
13014,1,0
14254,0,1
15351,1,0
13642,0,1
14310,0,1
15859,0,1
14392,0,1
14008,0,1
16407,1,0
15143,0,1
13245,1,0
14462,1,0
16312,0,1
14579,0,1
15579,1,0
13326,0,1
16817,1,0
17375,0,1
15159,1,0
17621,1,0
13367,0,1
16476,0,1
13441,1,0
18284,0,1
14065,0,1
12486,0,1
14353,0,1
15392,1,0
13144,0,1
15730,1,0
15778,0,1
18017,1,0
15346,0,1
16061,0,1
13035,1,0
14314,1,0
13177,1,0
13964,0,1
14470,1,0
14991,0,1
15490,0,1
14663,0,1
16348,1,0
17097,1,0
17657,0,1
13306,0,1
15782,1,0
14350,0,1
16760,0,1
15857,1,0
15128,1,0
13055,1,0
13033,0,1
13022,0,1
15934,0,1
17429,1,0
16437,0,1
13818,0,1
14810,1,0
17045,1,0
15973,0,1
17008,0,1
16149,1,0
14339,0,1
13423,0,1
17525,0,1
12511,0,1
17249,0,1
14490,0,1
14118,0,1
12903,0,1
13569,1,0
17354,1,0
14266,0,1
12393,1,0
16980,0,1
16411,1,0
15314,0,1
13776,0,1
16350,1,0
15931,0,1
14358,0,1
16111,0,1
15598,1,0
17196,0,1
17864,1,0
15281,1,0
12811,0,1
14904,1,0
14846,0,1
15708,1,0
14127,1,0
16579,0,1
17152,0,1
15177,0,1
15645,1,0
13083,1,0
14390,1,0
15038,1,0
14571,0,1
17111,1,0
16122,1,0
13362,1,0
15277,1,0
13747,0,1
12356,1,0
14756,1,0
15948,1,0
14412,1,0
17264,0,1
12797,0,1
16527,1,0
14319,0,1
15834,1,0
17004,1,0
17273,0,1
15024,1,0
13546,1,0
17710,0,1
13912,0,1
12655,0,1
13368,0,1
17094,0,1
14981,0,1
14746,0,1
17708,0,1
15208,1,0
17104,0,1
14240,1,0
13968,0,1
12553,1,0
14263,0,1
16263,0,1
12467,0,1
17944,0,1
12629,0,1
16643,0,1
18239,0,1
13792,1,0
16990,0,1
16418,1,0
16238,0,1
15134,1,0
15356,1,0
17814,0,1
17580,0,1
13832,1,0
16120,1,0
17817,1,0
12900,0,1
15242,0,1
15304,1,0
14696,1,0
13194,1,0
14929,1,0
12798,1,0
18090,0,1
17717,0,1
13395,0,1
16935,0,1
17629,1,0
17796,1,0
15735,0,1
17751,0,1
16991,0,1
14975,1,0
15160,0,1
17823,0,1
14956,0,1
15114,1,0
15626,1,0
12454,1,0
13829,0,1
12694,1,0
14088,1,0
17510,1,0
18018,1,0
17202,0,1
17390,0,1
12691,1,0
15957,1,0
12445,1,0
17687,0,1
15202,0,1
13692,1,0
15686,0,1
17938,0,1
17316,0,1
14868,1,0
16810,0,1
15688,0,1
16381,0,1
16676,1,0
15772,0,1
15799,1,0
14712,1,0
17703,1,0
12376,0,1
13516,1,0
14741,1,0
16069,0,1
12699,0,1
16996,1,0
13387,0,1
16141,1,0
13079,1,0
17026,0,1
13088,0,1
15710,0,1
17655,1,0
17219,1,0
14524,1,0
15011,0,1
14585,1,0
14332,1,0
17967,0,1
17397,1,0
13134,1,0
13840,0,1
13981,0,1
15608,1,0
14617,0,1
18066,1,0
15377,0,1
16201,1,0
16776,1,0
15501,0,1
16916,1,0
13703,0,1
16642,1,0
16903,1,0
15647,0,1
14612,0,1
17038,1,0
12387,0,1
16590,0,1
17924,1,0
17483,1,0
13195,0,1
13836,0,1
12400,0,1
15995,0,1
15257,0,1
14148,0,1
13936,1,0
18243,0,1
13166,0,1
14216,1,0
13581,0,1
16540,0,1
12899,0,1
12973,0,1
12419,0,1
16226,0,1
14945,0,1
13746,0,1
13106,1,0
18055,1,0
12787,1,0
16491,1,0
14728,0,1
13165,1,0
13263,1,0
16010,0,1
17843,0,1
13241,0,1
16024,1,0
17407,0,1
16445,1,0
16373,0,1
17260,0,1
13574,0,1
17435,0,1
16920,0,1
13977,0,1
18110,1,0
18116,1,0
15337,0,1
13898,0,1
13565,1,0
16904,1,0
16726,1,0
15065,1,0
15174,0,1
14197,0,1
16193,0,1
17981,0,1
15294,0,1
15370,1,0
14690,1,0
12790,0,1
15646,1,0
14718,0,1
16241,1,0
17070,1,0
17767,1,0
12475,1,0
12411,0,1
16863,1,0
14673,1,0
16785,0,1
13363,1,0
15620,1,0
16962,0,1
14278,0,1
16034,0,1
13578,0,1
13274,0,1
12775,1,0
13906,0,1
16757,0,1
15773,1,0
15536,0,1
14271,0,1
15390,0,1
16639,1,0
12537,0,1
12505,0,1
14475,1,0
12563,0,1
12591,0,1
16188,1,0
16433,1,0
12353,0,1
13547,0,1
17000,0,1
14281,0,1
15328,0,1
12766,1,0
15285,0,1
16343,1,0
16630,0,1
16183,1,0
13669,1,0
16265,1,0
14294,0,1
14834,1,0
16780,1,0
13780,1,0
17974,1,0
16635,0,1
15170,0,1
17334,0,1
17934,1,0
17821,0,1
13282,1,0
13580,0,1
16058,0,1
14213,0,1
12608,0,1
12601,0,1
16724,0,1
18278,1,0
14848,0,1
13833,1,0
15675,1,0
12347,1,0
17951,1,0
14429,0,1
17306,1,0
16876,0,1
14777,0,1
15729,0,1
18127,1,0
12492,1,0
13359,1,0
13597,0,1
14206,0,1
17121,0,1
13607,1,0
13535,0,1
13937,1,0
13251,0,1
13453,1,0
12413,1,0
16016,1,0
13523,1,0
14733,1,0
17276,0,1
13310,1,0
17363,0,1
12855,0,1
13215,0,1
15458,1,0
13331,0,1
12673,1,0
15915,0,1
16865,0,1
15336,0,1
12793,0,1
17420,1,0
13500,1,0
15233,0,1
13686,0,1
15158,1,0
17254,1,0
16542,1,0
16178,1,0
15481,0,1
13034,1,0
13049,1,0
16712,1,0
16050,1,0
13987,0,1
15724,0,1
14737,1,0
15379,1,0
17702,1,0
12914,0,1
13258,1,0
14447,1,0
17286,1,0
17977,1,0
13303,0,1
13172,0,1
13660,0,1
13903,0,1
16228,0,1
13846,1,0
13646,0,1
13996,0,1
15560,0,1
16640,0,1
18083,0,1
17033,1,0
16931,1,0
14203,0,1
16559,0,1
16899,1,0
15996,1,0
12892,0,1
13138,1,0
14927,0,1
14193,1,0
13967,1,0
17084,1,0
16420,0,1
13738,0,1
17548,0,1
18098,0,1
13691,0,1
15635,0,1
17274,1,0
16223,0,1
17208,0,1
17467,0,1
17983,0,1
16740,0,1
17878,1,0
14170,0,1
14899,0,1
14077,1,0
17374,0,1
13721,1,0
12927,0,1
13671,0,1
16358,1,0
15131,0,1
17756,0,1
15001,0,1
13096,0,1
15529,1,0
12739,1,0
15028,1,0
17288,1,0
13915,0,1
17903,0,1
18280,0,1
15368,1,0
12666,0,1
16662,0,1
16786,0,1
15138,0,1
17688,0,1
16824,1,0
17423,1,0
16284,1,0
13226,0,1
17558,0,1
17815,0,1
17980,1,0
12803,0,1
18050,0,1
14600,0,1
18054,0,1
15468,1,0
12868,0,1
12352,1,0
18007,0,1
17772,1,0
14082,0,1
13309,1,0
17210,0,1
12734,0,1
17803,0,1
13961,0,1
14024,1,0
14052,1,0
16687,0,1
17495,1,0
15269,1,0
13167,1,0
16074,0,1
14684,1,0
17544,0,1
18221,1,0
14559,0,1
15726,0,1
14382,1,0
14784,1,0
17992,0,1
14526,0,1
12991,1,0
13862,1,0
17106,0,1
13094,1,0
17633,1,0
16399,1,0
17170,0,1
18084,1,0
16602,1,0
14189,1,0
12357,1,0
12616,1,0
16083,1,0
14675,1,0
15235,0,1
17203,1,0
15968,0,1
13624,0,1
13458,1,0
13789,0,1
15161,0,1
15811,1,0
13158,1,0
14192,0,1
16829,1,0
18256,0,1
13237,0,1
14417,0,1
16386,1,0
16006,0,1
13549,1,0
12847,1,0
14811,0,1
16224,1,0
15515,0,1
17418,1,0
12890,1,0
18195,0,1
15649,0,1
17995,0,1
16250,0,1
14405,0,1
14446,1,0
13864,0,1
14614,0,1
17355,0,1
16973,0,1
17659,1,0
17089,0,1
18160,1,0
17868,0,1
17532,0,1
14932,0,1
17269,0,1
16936,1,0
16599,0,1
16885,1,0
17433,1,0
17386,1,0
18035,1,0
15846,0,1
13124,1,0
16346,0,1
17648,1,0
17493,0,1
12967,0,1
12887,0,1
12728,1,0
12858,0,1
15155,0,1
16367,1,0
17275,0,1
16501,0,1
12807,0,1
17036,0,1
15350,0,1
13550,0,1
15634,1,0
18210,1,0
17782,0,1
13086,0,1
14419,1,0
16424,0,1
16252,0,1
15525,1,0
16765,0,1
14048,0,1
16812,0,1
13651,1,0
15986,1,0
16821,0,1
17870,1,0
17458,1,0
17237,1,0
17570,0,1
17872,0,1
18047,0,1
14176,0,1
14252,0,1
18118,1,0
12434,1,0
17766,0,1
15864,1,0
13181,0,1
14972,1,0
16001,0,1
17598,0,1
13843,0,1
15951,1,0
16357,1,0
17744,1,0
14458,0,1
18076,0,1
17601,0,1
15509,0,1
15902,0,1
16988,1,0
15987,1,0
14721,0,1
16874,0,1
15020,0,1
14487,1,0
15495,0,1
17989,0,1
14443,1,0
17882,0,1
12385,0,1
18161,1,0
15961,0,1
13626,0,1
14627,0,1
12961,0,1
17556,0,1
18031,0,1
17283,0,1
17516,1,0
12538,1,0
17999,1,0
16262,0,1
15914,0,1
15212,0,1
15037,0,1
17607,0,1
15583,0,1
18003,0,1
16893,0,1
13254,0,1
12996,0,1
12767,0,1
17722,1,0
17723,1,0
16545,1,0
15404,0,1
15540,1,0
17671,1,0
18034,1,0
16413,1,0
16194,0,1
17912,0,1
16355,0,1
12351,0,1
15828,0,1
17223,0,1
17468,1,0
13955,1,0
14414,1,0
15939,1,0
17826,0,1
16473,1,0
17820,0,1
17378,0,1
16552,0,1
15922,0,1
14594,1,0
15165,0,1
16274,0,1
12947,1,0
17855,0,1
17925,0,1
16244,0,1
14491,1,0
15923,0,1
16752,0,1
17964,1,0
17976,0,1
14775,1,0
13011,0,1
14576,0,1
12738,0,1
12686,0,1
13370,0,1
12427,1,0
14589,0,1
17787,1,0
17198,1,0
15545,1,0
18156,1,0
15880,0,1
16402,0,1
15894,0,1
12763,1,0
17674,1,0
15899,0,1
15919,1,0
15048,1,0
18113,0,1
13030,1,0
15018,1,0
18119,0,1
12386,0,1
12441,0,1
18043,1,0
18269,0,1
13270,0,1
12942,1,0
13369,0,1
15211,1,0
15881,0,1
14448,1,0
12753,1,0
17917,1,0
18004,0,1
16665,0,1
17937,1,0
16927,1,0
17303,0,1
17890,0,1
14150,1,0
13496,1,0
13221,0,1
17551,0,1
17214,1,0
17752,0,1
14373,0,1
18176,0,1
16816,1,0
14985,0,1
12551,0,1
15780,0,1
15204,0,1
12944,1,0
15460,0,1
16270,0,1
12515,0,1
12383,0,1
13817,1,0
12585,0,1
16112,1,0
15464,0,1
17634,1,0
12735,0,1
16567,0,1
12501,0,1
15139,0,1
12489,0,1
18198,1,0
14889,0,1
17114,1,0
17128,0,1
17800,1,0
18032,0,1
16850,0,1
12736,0,1
15749,0,1
17569,0,1
14270,0,1
14587,1,0
14185,0,1
15171,0,1
13284,0,1
15835,1,0
15510,0,1
15687,1,0
13385,0,1
15213,0,1
15033,1,0
17064,1,0
12626,1,0
14976,1,0
15316,0,1
18233,0,1
14242,0,1
16997,0,1
15395,0,1
14428,1,0
14090,0,1
15831,1,0
14779,0,1
16618,1,0
17277,0,1
13742,1,0
13068,1,0
14368,0,1
12559,0,1
14501,0,1
14782,0,1
15820,0,1
13396,1,0
16730,1,0
15052,0,1
13837,0,1
17118,0,1
13098,1,0
17786,1,0
16882,1,0
12764,0,1
16949,1,0
18125,1,0
13328,0,1
12574,0,1
14659,1,0
16897,0,1
15415,0,1
17431,0,1
14502,1,0
12528,1,0
16403,0,1
17619,0,1
16745,1,0
13606,1,0
13494,0,1
12929,0,1
18202,0,1
15940,0,1
14457,0,1
15589,0,1
14411,0,1
15226,0,1
16378,0,1
13894,1,0
18250,0,1
14188,1,0
17446,1,0
12350,0,1
17337,1,0
16405,0,1
12502,1,0
16333,1,0
16030,0,1
12464,1,0
17507,0,1
12754,0,1
14778,1,0
17517,0,1
13725,1,0
17291,0,1
15090,0,1
14842,1,0
17105,1,0
14438,0,1
15781,1,0
17302,1,0
17613,1,0
17162,1,0
15407,1,0
17859,0,1
15753,0,1
16951,1,0
17881,0,1
15843,0,1
17537,1,0
12401,0,1
12462,1,0
12561,0,1
16425,0,1
16842,1,0
18159,0,1
13171,1,0
16084,0,1
15236,0,1
13475,0,1
16738,0,1
13893,0,1
16431,0,1
16073,0,1
14760,0,1
16509,0,1
14386,0,1
12372,1,0
16494,0,1
14959,1,0
17175,1,0
13718,0,1
12654,1,0
18138,0,1
14371,0,1
12852,0,1
13489,1,0
13904,1,0
13932,0,1
13951,1,0
16566,1,0
14162,1,0
13301,1,0
14803,1,0
13744,1,0
12988,0,1
12707,0,1
18155,1,0
15146,1,0
12365,0,1
14520,1,0
13038,1,0
16349,0,1
18114,0,1
12845,0,1
16573,1,0
13184,1,0
15397,0,1
16394,1,0
17711,1,0
13865,1,0
14289,1,0
13149,1,0
18068,0,1
15932,1,0
15974,1,0
17830,1,0
12565,0,1
14880,1,0
15121,1,0
17117,0,1
13751,0,1
13345,0,1
13973,0,1
13493,0,1
13261,0,1
16598,0,1
13630,1,0
13636,1,0
12781,1,0
14036,0,1
13675,1,0
16667,1,0
16187,1,0
16339,0,1
12509,0,1
14046,0,1
16427,0,1
14056,1,0
15656,1,0
17462,1,0
14620,0,1
16462,1,0
12428,1,0
15676,1,0
12679,1,0
15319,0,1
16389,1,0
15733,0,1
16678,1,0
12834,0,1
17770,0,1
14473,1,0
15104,0,1
15643,0,1
16217,0,1
16957,0,1
15087,0,1
17856,1,0
15053,1,0
17652,1,0
12541,1,0
15220,1,0
16449,0,1
14995,1,0
12584,1,0
17535,0,1
14903,1,0
18211,1,0
14504,1,0
15554,0,1
12614,0,1
13344,1,0
16621,1,0
14214,1,0
14012,0,1
17654,0,1
16517,0,1
15234,0,1
15806,1,0
14586,0,1
14407,1,0
13908,1,0
14730,1,0
14367,1,0
16426,1,0
16495,1,0
14336,1,0
15206,1,0
12881,0,1
16572,1,0
14165,0,1
15632,1,0
14297,1,0
13899,1,0
18183,0,1
14603,0,1
15308,0,1
18086,0,1
16778,1,0
16808,1,0
16475,1,0
13265,1,0
12520,1,0
15049,0,1
16766,0,1
16801,1,0
17164,1,0
13043,0,1
14352,1,0
13956,1,0
13708,0,1
15671,1,0
16871,1,0
12901,1,0
15388,0,1
16804,1,0
13499,1,0
15047,0,1
15106,1,0
13716,0,1
13121,0,1
16297,0,1
12994,1,0
16152,0,1
14636,1,0
13358,0,1
12597,1,0
12955,1,0
13185,0,1
13216,0,1
13533,0,1
13268,1,0
15433,0,1
16216,0,1
16976,0,1
13631,1,0
15648,0,1
17725,1,0
13072,0,1
14059,0,1
16672,1,0
14066,0,1
16626,1,0
15019,0,1
14041,0,1
17060,0,1
16023,1,0
12878,0,1
14155,0,1
14633,0,1
15703,0,1
14071,1,0
17795,1,0
12902,0,1
14232,1,0
12407,1,0
16728,1,0
13592,1,0
15408,0,1
14223,1,0
13934,0,1
15669,1,0
18224,0,1
14245,0,1
14632,0,1
15132,1,0
17272,1,0
14711,1,0
14377,0,1
15457,0,1
16721,0,1
17733,1,0
17102,0,1
15449,1,0
12818,0,1
12604,1,0
13132,0,1
17486,0,1
12564,0,1
15644,1,0
17250,1,0
13341,0,1
17698,0,1
14267,1,0
16022,0,1
16063,0,1
15178,0,1
14348,0,1
15815,1,0
17979,1,0
12545,1,0
14536,0,1
17946,0,1
13743,1,0
15045,1,0
14476,0,1
16245,1,0
12669,1,0
15083,0,1
18010,0,1
15624,1,0
17874,0,1
17719,1,0
17398,1,0
12888,0,1
13588,1,0
12456,1,0
13720,1,0
17775,0,1
16657,1,0
15364,1,0
15832,0,1
15528,0,1
16398,1,0
17088,1,0
13060,0,1
16698,0,1
13918,1,0
17781,1,0
14886,0,1
16609,1,0
18263,1,0
13841,0,1
17701,0,1
12569,1,0
16162,0,1
14023,1,0
16142,0,1
18185,0,1
17956,0,1
15756,1,0
14747,0,1
14719,1,0
15442,0,1
16696,1,0
15145,1,0
13525,1,0
17140,0,1
14964,0,1
16031,1,0
17042,1,0
17906,0,1
16144,0,1
13731,0,1
13950,1,0
14246,1,0
18040,1,0
16837,1,0
15119,0,1
12999,0,1
17054,1,0
12447,0,1
13570,0,1
13232,1,0
18129,0,1
15655,0,1
15214,1,0
17574,0,1
15737,1,0
18080,1,0
12596,1,0
14273,1,0
12363,1,0
15414,1,0
15935,0,1
14111,1,0
17972,0,1
12463,1,0
16729,1,0
16697,0,1
14931,1,0
15230,0,1
16309,1,0
14262,1,0
16097,0,1
13122,1,0
16966,1,0
15147,0,1
15813,0,1
17058,1,0
17704,1,0
16249,1,0
13811,0,1
16806,1,0
13120,0,1
12769,0,1
14323,1,0
17367,0,1
18213,0,1
15172,1,0
15745,1,0
17697,0,1
15491,1,0
16617,0,1
15508,0,1
15594,1,0
13376,1,0
16633,1,0
15225,0,1
15436,1,0
15517,0,1
17120,0,1
12506,0,1
14759,1,0
13505,1,0
13389,1,0
12354,0,1
17061,1,0
17630,1,0
16587,0,1
12622,0,1
16750,1,0
17670,0,1
15108,1,0
16942,1,0
15237,1,0
16965,0,1
15891,0,1
13637,1,0
16637,1,0
13229,0,1
14973,1,0
15952,1,0
17893,0,1
16370,1,0
15376,1,0
16055,0,1
14149,0,1
17501,0,1
15582,1,0
16230,0,1
18146,1,0
17443,0,1
12886,1,0
13524,1,0
16610,0,1
17394,0,1
14948,1,0
12593,1,0
14340,0,1
16457,0,1
17527,1,0
14697,0,1
17522,1,0
13867,1,0
14393,0,1
15668,0,1
16319,0,1
17174,0,1
13365,1,0
18235,1,0
13741,1,0
12394,1,0
15258,1,0
14005,1,0
18142,1,0
17410,1,0
12700,1,0
13003,1,0
13492,1,0
18120,0,1
14397,1,0
12684,1,0
14288,0,1
15063,0,1
14591,1,0
13990,0,1
14691,1,0
17489,1,0
13404,1,0
16644,1,0
14731,1,0
15187,1,0
18133,0,1
13235,0,1
14883,1,0
16116,0,1
14364,1,0
16184,1,0
17932,1,0
12590,0,1
17658,1,0
12757,1,0
17970,0,1
15907,1,0
14689,0,1
15440,1,0
16076,1,0
15333,0,1
17263,0,1
16877,1,0
12674,1,0
14888,0,1
13456,1,0
12690,0,1
16446,1,0
16818,1,0
13572,0,1
15116,1,0
13529,1,0
12620,1,0
16813,1,0
16463,1,0
13887,0,1
17166,1,0
13391,0,1
17455,0,1
18150,1,0
16038,1,0
13972,1,0
13227,0,1
13657,1,0
14921,1,0
12710,1,0
15292,0,1
15705,0,1
13339,0,1
13885,0,1
13737,0,1
16091,1,0
15804,1,0
14287,1,0
14705,0,1
12815,1,0
14816,0,1
16624,1,0
12493,1,0
18232,1,0
18073,1,0
14280,0,1
14823,1,0
15897,0,1
15925,0,1
16483,0,1
15163,1,0
18204,1,0
12473,1,0
16969,1,0
13917,1,0
13062,0,1
16484,1,0
14453,0,1
17900,0,1
13437,1,0
12517,1,0
14500,1,0
13248,1,0
16967,0,1
16659,0,1
16682,1,0
15453,1,0
16963,0,1
13682,0,1
15349,1,0
16849,0,1
12535,1,0
18248,1,0
15386,0,1
17252,1,0
14542,0,1
18072,0,1
17015,1,0
17124,0,1
17828,1,0
15743,1,0
14622,0,1
15609,0,1
14561,1,0
15238,1,0
14132,1,0
16113,0,1
16107,1,0
15679,1,0
16581,0,1
15267,1,0
17234,0,1
15411,1,0
14178,1,0
15098,0,1
17265,1,0
